country,Number of guests
PRT,11585
GBR,5521
ESP,3250
FRA,2038
IRL,1677
DEU,1193
ITA,630
NLD,570
CN,561
BEL,509
USA,506
BRA,420
0,417
CHE,413
POL,312
SWE,271
AUT,236
ROU,157
FIN,157
RUS,153
CHN,121
NOR,119
AUS,91
DNK,80
LUX,64
ISR,61
AGO,60
ARG,55
MAR,52
HUN,48
IND,47
LTU,47
CZE,39
JPN,34
EST,30
LVA,30
TUR,29
GRC,28
NZL,24
UKR,21
CHL,20
MEX,20
HRV,17
DZA,17
KOR,17
SVN,15
COL,15
IRN,14
ZAF,14
SVK,12
ISL,12
SRB,12
OMN,11
BGR,11
MYS,10
LBN,10
TWN,9
BLR,9
PRI,9
NGA,8
EGY,8
JOR,7
IRQ,7
THA,7
TUN,6
VEN,6
SGP,6
PHL,6
KAZ,6
CPV,6
CYP,6
MOZ,6
PER,5
IDN,5
AZE,5
URY,5
CMR,5
CRI,5
JAM,5
KWT,4
ARE,4
DOM,4
SAU,4
ECU,4
CUB,4
GIB,4
SUR,4
CAF,3
GEO,3
ALB,3
MDV,2
VNM,2
MLT,2
MWI,2
PAK,2
AND,2
MUS,2
ARM,2
ZWE,2
CIV,2
LKA,2
HKG,1
DJI,1
BWA,1
MMR,1
LIE,1
TGO,1
RWA,1
STP,1
SEN,1
ETH,1
KNA,1
MKD,1
QAT,1
MAC,1
BHS,1
NPL,1
UZB,1
SMR,1
MDG,1
CYM,1
ZMB,1
PLW,1
BDI,1
SYR,1
UGA,1
COM,1
BIH,1
PAN,1
